  CREATE TABLE ENDERECO
(
    ID_ENDERECO NUMBER CONSTRAINT ID_ENDERECO_NN NOT NULL,
    ESTADO_ENDERECO CHAR(2),
    CIDADE_ENDERECO VARCHAR2(30),
    BAIRRO_ENDERECO VARCHAR2(30),
    LOGRADOURO_ENDERECO VARCHAR2(30),
    NUMERO_ENDERECO VARCHAR2(10),
   
    CONSTRAINT ID_ENDERECO_PK PRIMARY KEY (ID_ENDERECO)
);

CREATE TABLE USUARIO
(
    ID_USUARIO NUMBER CONSTRAINT ID_USUARIO_NN NOT NULL,
    NOME_USUARIO VARCHAR(30),
    CPF_USUARIO CHAR(11) CONSTRAINT CPF_USUARIO_NN NOT NULL,
    DATA_NASC_USUARIO DATE,
    TELEFONE_USUARIO CHAR(11),
    EMAIL_USUARIO VARCHAR2(50) CONSTRAINT EMAIL_USUARIO_NN NOT NULL,
    SENHA_USUARIO VARCHAR2(30),
    ID_ENDERECO_USUARIO NUMBER CONSTRAINT ID_ENDERECO_USUARIO_NN NOT NULL,
    
    CONSTRAINT ID_USUARIO_PK PRIMARY KEY (ID_USUARIO, CPF_USUARIO),
    CONSTRAINT ID_ENDERECO_USUARIO_FK FOREIGN KEY (ID_ENDERECO_USUARIO) REFERENCES ENDERECO,
    CONSTRAINT EMAIL_USUARIO_UK UNIQUE (EMAIL_USUARIO)
    
 );
 
  CREATE TABLE MERCADO
(
    ID_MERCADO NUMBER CONSTRAINT ID_MERCADO_NN NOT NULL,
    CNPJ_MERCADO CHAR(14) CONSTRAINT CNPJ_MERCADO_NN NOT NULL,
    NOME_FANTASIA_MERCADO VARCHAR2(30),
    TELEFONE_MERCADO CHAR(11),
    URL_MERCADO VARCHAR2(100) CONSTRAINT URL_MERCADO_NN NOT NULL,
    ID_ENDERECO_MERCADO NUMBER CONSTRAINT ID_ENDERECO_MERCADO_NN NOT NULL,
    
    CONSTRAINT ID_MERCADO_PK  PRIMARY KEY (ID_MERCADO, CNPJ_MERCADO, URL_MERCADO),
    CONSTRAINT ID_ENDERECO_MERCADO_FK FOREIGN KEY (ID_ENDERECO_MERCADO) REFERENCES ENDERECO
);

 CREATE TABLE FILTRO_PRODUTOS_ONG
(
    ID_FILTRO_PRODUTOS_ONG NUMBER CONSTRAINT ID_FILTRO_PRODUTOS_ONG_NN NOT NULL,
    NOME_FILTRO_PRODUTOS_ONG VARCHAR2(30),
    CONSTRAINT ID_FILTRO_PRODUTOS_ONG_PK PRIMARY KEY (ID_FILTRO_PRODUTOS_ONG)
);

 CREATE TABLE ONG 
 (
    ID_ONG NUMBER CONSTRAINT ID_ONG_NN NOT NULL,
    CNPJ_ONG CHAR(14) CONSTRAINT CNPJ_ONG_NN NOT NULL,
    NOME_FANTASIA_ONG VARCHAR2(30),
    DESC_ONG VARCHAR2(150),
    TELEFONE_ONG CHAR(11),
    EMAIL_ONG VARCHAR2(50) CONSTRAINT EMAIL_ONG NOT NULL,
    SENHA_ONG VARCHAR2(30),
    ID_ENDERECO_ONG NUMBER CONSTRAINT ID_ENDERECO_ONG_NN NOT NULL,
    
    CONSTRAINT ID_ONG_PK PRIMARY KEY (ID_ONG, CNPJ_ONG),
    CONSTRAINT EMAIL_ONG_UK UNIQUE (EMAIL_ONG),
    CONSTRAINT ID_ENDERECO_ONG_FK FOREIGN KEY (ID_ENDERECO_ONG) REFERENCES ENDERECO
 );

CREATE TABLE ONG_PRODUTO
(
    ID_FILTRO_PRODUTO_ONG NUMBER CONSTRAINT ID_FILTRO_PRODUTO_ONG_NN NOT NULL,
    ID_ONG_ONG_PRODUTO NUMBER CONSTRAINT ID_ONG_ONG_PRODUTO_NN NOT NULL,
    CNPJ_ONG_PRODUTO CHAR(14) CONSTRAINT CNPJ_ONG_PRODUTO NOT NULL,
    
    CONSTRAINT ID_FILTRO_PRODUTO_ONG_FK FOREIGN KEY (ID_FILTRO_PRODUTO_ONG) REFERENCES FILTRO_PRODUTOS_ONG,
    CONSTRAINT ID_ONG_ONG_PRODUTO_FK FOREIGN KEY (ID_ONG_ONG_PRODUTO, CNPJ_ONG_PRODUTO) REFERENCES ONG
);

CREATE TABLE PUBLICACAO
(
   ID_PUBLICACAO NUMBER CONSTRAINT ID_PUBLICACAO_NN NOT NULL,
   NOME_PUBLICACAO VARCHAR2(50),
   DESC_PUBLICACAO VARCHAR2(150),
   DIA_PUBLICACAO DATE,
   BANNER_PNG_PUBLICACAO VARCHAR2(150),
   ID_ONG_PUBLICACAO NUMBER CONSTRAINT ID_ONG_PUBLICACAO_NN NOT NULL,
   CNPJ_ONG_PUBLICACAO CHAR(14) CONSTRAINT CNPJ_ONG_PUBLICACAO_NN NOT NULL,
   ID_ENDERECO_PUBLICACAO NUMBER CONSTRAINT ID_ENDERECO_PUBLICACAO_NN NOT NULL,
   
   CONSTRAINT ID_PUBLICACAO_PK PRIMARY KEY (ID_PUBLICACAO),
   CONSTRAINT ID_ONG_PUBLICACAO_FK FOREIGN KEY (ID_ONG_PUBLICACAO, CNPJ_ONG_PUBLICACAO) REFERENCES ONG,
   CONSTRAINT ID_ENDERECO_PUBLICACAO_FK FOREIGN KEY (ID_ENDERECO_PUBLICACAO) REFERENCES ENDERECO
);
 
 CREATE TABLE PRODUTOS
(
   ID_PRODUTO NUMBER CONSTRAINT ID_PRODUTO_NN NOT NULL,
   NOME_PRODUTO VARCHAR(30),
   DESC_PRODUTO VARCHAR2(150),
   VALOR_PRODUTO NUMBER(5,2),
   
   CONSTRAINT ID_PRODUTO_PK PRIMARY KEY (ID_PRODUTO)
);

CREATE TABLE CARRINHO
(
    ID_CARRINHO NUMBER CONSTRAINT ID_CARRINHO_NN NOT NULL,
    ID_MERCADO_CARRINHO NUMBER CONSTRAINT ID_MERCADO_CARRINHO_NN NOT NULL,
    CNPJ_MERCADO_CARRINHO CHAR(14) CONSTRAINT CNPJ_MERCADO_CARRINHO_NN NOT NULL,
    URL_MERCADO_CARRINHO VARCHAR2(100) CONSTRAINT URL_MERCADO_CARRINHO_NN NOT NULL,
    ID_USUARIO_CARRINHO NUMBER CONSTRAINT ID_USUARIO_CARRINHO_NN NOT NULL,
    CPF_USUARIO_CARRINHO CHAR(11) CONSTRAINT CPF_USUARIO_CARRINHO_NN NOT NULL,

    CONSTRAINT ID_CARRINHO_PK PRIMARY KEY (ID_CARRINHO),
    CONSTRAINT ID_MERCADO_CARRINHO_FK FOREIGN KEY (ID_MERCADO_CARRINHO, CNPJ_MERCADO_CARRINHO, URL_MERCADO_CARRINHO) REFERENCES MERCADO,
    CONSTRAINT ID_USUARIO_CARRINHO_FK FOREIGN KEY (ID_USUARIO_CARRINHO, CPF_USUARIO_CARRINHO) REFERENCES USUARIO
);

CREATE TABLE PRODUTO_CARRINHO
(
    ID_PRODUTO_CARRINHO NUMBER CONSTRAINT ID_PRODUTO_CARRINHO_NN NOT NULL,
    ID_CARRINHO_PRODUTO NUMBER CONSTRAINT ID_CARRINHO_PRODUTO_NN NOT NULL,
    
    CONSTRAINT ID_PRODUTO_CARRINHO_FK FOREIGN KEY (ID_PRODUTO_CARRINHO) REFERENCES PRODUTOS,
    CONSTRAINT ID_CARRINHO_PRODUTO_FK FOREIGN KEY (ID_CARRINHO_PRODUTO) REFERENCES CARRINHO
);

CREATE TABLE DOACAO
(
   ID_DOACAO NUMBER CONSTRAINT ID_DOACAO_NN NOT NULL,
   VALID_DOACAO CHAR(1),
   ID_ONG_DOACAO NUMBER CONSTRAINT ID_ONG_DOACAO_NN NOT NULL,
   CNPJ_ONG_DOACAO CHAR(14) CONSTRAINT CNPJ_ONG_DOACAO_NN NOT NULL,
   ID_CARRINHO_DOACAO NUMBER CONSTRAINT ID_CARRINHO_DOACAO_NN NOT NULL,
   
   CONSTRAINT ID_DOACAO_PK PRIMARY KEY (ID_DOACAO),
   CONSTRAINT ID_ONG_DOACAO_FK FOREIGN KEY (ID_ONG_DOACAO, CNPJ_ONG_DOACAO) REFERENCES ONG,
   CONSTRAINT ID_CARRINHO_DOACAO_FK FOREIGN KEY (ID_CARRINHO_DOACAO) REFERENCES CARRINHO
);
 
INSERT INTO ENDERECO VALUES (1, 'PR', 'MARINGA', 'CIDADE ALTA', 'RUA DOS PINHEIROS', '356B');
INSERT INTO ENDERECO VALUES (2, 'PR', 'LONDRINA', 'NOVO CENTRO', 'RUA FALCÃO', '1356');
INSERT INTO ENDERECO VALUES (3, 'PR', 'CURITIBA', 'ZONA 02', 'RUA LIVERDADE', '66');
INSERT INTO ENDERECO VALUES (4, 'PR', 'PONTA GROSSA', 'JARDIM UNIVERSITÁRIO', 'AVENIDA BRASIL', '56A');
INSERT INTO ENDERECO VALUES (5, 'PR', 'GUARATUBA', 'JARDIM ACLIMAÇÃO', 'AVENIDA DUQUE DE CAXIAS', '8999');
INSERT INTO ENDERECO VALUES (6, 'SC', 'FLORIANOPOLIS', 'JARDIM ALVORADA', 'AVENIDA PARANÁ', '1548');
INSERT INTO ENDERECO VALUES (7, 'SC', 'JOINVILLE', 'PARQUE AEROPORTO', 'AVENIDA TAMANDARÉ', '467');
INSERT INTO ENDERECO VALUES (8, 'SC', 'CRICIUMA', 'COLINA VERDE', 'AVENIDA 19 DE DEZEMBRO', '5530');
INSERT INTO ENDERECO VALUES (9, 'SC', 'ITAPEMA', 'PARQUE HORTENCIA', 'AVENIDA XV DE NOVEMBRO', '7865');
INSERT INTO ENDERECO VALUES (10, 'SC', 'BLUMENAU', 'JARDIM BELA VISTA', 'RUA BRSÍLIO SALTCHUK', '410');
INSERT INTO ENDERECO VALUES (11, 'SP', 'SÃO PAULO', 'JARDIM DIAMANTE', 'AV HORÁCIO RACCANELLO FILHO', '977C');
INSERT INTO ENDERECO VALUES (12, 'SP', 'JUNDIAI', 'JARDIM ESPANHA', 'AV JOÃO PAULINO VIEIRA FILHO', '356');
INSERT INTO ENDERECO VALUES (13, 'SP', 'ARARAQUARA', 'JARDIM ORIENTAL', 'RUA NÉO ALVES MARTINS', '27');
INSERT INTO ENDERECO VALUES (14, 'SP', 'SANTOS', 'JARDIM UNIVERSO', 'RUA ARTHUR THOMAS', '856A');
INSERT INTO ENDERECO VALUES (15, 'SP', 'CAMPINAS', 'PARQUE LARANJEIRAS', 'RUA JOUBERT DE CARVALHO', '269');
INSERT INTO ENDERECO VALUES (16, 'RJ', 'RIO DE JANEIRO', 'JARDIM PAULISTA', 'RUA JOSÉ DE ALENCAR', '123B');
INSERT INTO ENDERECO VALUES (17, 'RJ', 'NITEROI', 'JARDIM LIBERDADE', 'RUA JÚLIO DE MESQUITA FILHO', '987');
INSERT INTO ENDERECO VALUES (18, 'RJ', 'NOVA IGUAÇU', 'JARDIM ITÁLIA', 'AVENIDA CALOMBO', '369');
INSERT INTO ENDERECO VALUES (19, 'RJ', 'ANGRA DOS REIS', 'JARDIM MANDARACU', 'AVENIDA GETÚLIO VARGAS', '963');
INSERT INTO ENDERECO VALUES (20, 'MT', 'CUIABÁ', 'MIOSÓTIS', 'AVENIDA HERVAL', '741');
INSERT INTO ENDERECO VALUES (21, 'MT', 'SORRISO', 'MONTE REI', 'AVENIDA TAMANDARÉ', '753');
INSERT INTO ENDERECO VALUES (22, 'MT', 'RONDONÓPOLIS', 'MORADIA ATENAS', 'AVENIDA TIRADENTES', '951');
INSERT INTO ENDERECO VALUES (23, 'MT', 'DIAMANTINO', 'NEY BRAGA', 'AVENIDA PRUDENTE DE MORAES', '91');
INSERT INTO ENDERECO VALUES (24, 'MT', 'QUERÊNCIA', 'PARQUE AVENIDA', 'RUA SANTOS DUMONT', '852');
INSERT INTO ENDERECO VALUES (25, 'MT', 'NOSSA SENHORA DO LIVRAMENTO', 'OURO COLA', 'RUA SILVA JARDIM', '357');
INSERT INTO ENDERECO VALUES (26, 'RS', 'PORTO ALEGRE', 'JARDIM PARIS', 'RUA PIRATININGA', '268');
INSERT INTO ENDERECO VALUES (27, 'RS', 'CAXIAS DO SUL', 'PARQUE INDUSTRIAL', 'TRAVESSA GUILHERME DE ALMEIRA', '248');
INSERT INTO ENDERECO VALUES (28, 'RS', 'GRAMADO', 'JARDIM OÁSIS', 'JÚLIO DE MESQUITA FILHO', '761');
INSERT INTO ENDERECO VALUES (29, 'RS', 'SANTA MARIA', 'JARDIM OLÍMPICO', 'AVENIDA PARANÁ', '5349');
INSERT INTO ENDERECO VALUES (30, 'RS', 'CANOAS', 'SÃO SILVESTRE', 'AVENIDA SÃO PAULO', '8297');

INSERT INTO USUARIO VALUES (1000, 'JOÃO CARVALHO', '99988877766', TO_DATE('27-07-2001','dd-MM-yyyy'), '44998989898', 'joaocarvalho@gmail.com', '12345', 29);
INSERT INTO USUARIO VALUES (1010, 'LUCAS LIRA', '23461532482', TO_DATE('15-03-1993','dd-MM-yyyy'), '44999929292', 'lucaslira@gmail.com', '54321', 26);
INSERT INTO USUARIO VALUES (1020, 'JOSÉ NETO', '8237182465', TO_DATE('21-11-1985','dd-MM-yyyy'), '44987878787', 'joseneto@gmail.com', 'do1ate5', 27);
INSERT INTO USUARIO VALUES (1030, 'MARIA BRAGA', '43298761243', TO_DATE('05-01-1973','dd-MM-yyyy'), '44991919191', 'mariabraga@gmail.com', 'do5ateo1', 28);
INSERT INTO USUARIO VALUES (1040, 'APARECIDO VILELA', '10678943057', TO_DATE('23-12-1823','dd-MM-yyyy'), '44988888888', 'melhorprof@gmail.com', 'senhadificil', 1);

INSERT INTO  MERCADO VALUES (10100, '12345678912345', 'CIDADE CANCAO', '4434878787', 'WWW.CIDADECANCAO.COM.BR', 30);
INSERT INTO  MERCADO VALUES (10200, '33156189456489', 'BOM DIA', '4430303030', 'WWW.BOMDIA.COM.BR', 25);
INSERT INTO  MERCADO VALUES (10300, '65498423815894', 'MUFFATO MAX ATACADISTA', '4430202020', 'WWW.MUFFATO.COM.BR', 22);
INSERT INTO  MERCADO VALUES (10400, '56494321897564', 'HIPER MERCADO CONNDOR', '4432652020', 'WWW.CONNDOR.COM.BR', 24);
INSERT INTO  MERCADO VALUES (10500, '56321497562165', 'MERCADO ATACADISTA ATACADÃO', '4432653030', 'WWW.ATACADAO.COM.BR', 23);

INSERT INTO FILTRO_PRODUTOS_ONG VALUES (50101, 'SABAO EM PÓ');
INSERT INTO FILTRO_PRODUTOS_ONG VALUES (50102, 'ARROZ');
INSERT INTO FILTRO_PRODUTOS_ONG VALUES (50103, 'FEIJÃO');
INSERT INTO FILTRO_PRODUTOS_ONG VALUES (50104, 'MACARRÃO');
INSERT INTO FILTRO_PRODUTOS_ONG VALUES (50105, 'ACHOCOLATADO');
INSERT INTO FILTRO_PRODUTOS_ONG VALUES (50106, 'LEITE');
INSERT INTO FILTRO_PRODUTOS_ONG VALUES (50107, 'FARINHA DE TRIGO');
INSERT INTO FILTRO_PRODUTOS_ONG VALUES (50108, 'FARINHA DE MANDIOCA');
INSERT INTO FILTRO_PRODUTOS_ONG VALUES (50109, 'SABONETE');
INSERT INTO FILTRO_PRODUTOS_ONG VALUES (50110, 'DETERGENTE');
INSERT INTO FILTRO_PRODUTOS_ONG VALUES (50111, 'ERVILHA');
INSERT INTO FILTRO_PRODUTOS_ONG VALUES (50112, 'MILHO');
INSERT INTO FILTRO_PRODUTOS_ONG VALUES (50113, 'SAL');
INSERT INTO FILTRO_PRODUTOS_ONG VALUES (50114, 'FUBÁ');
INSERT INTO FILTRO_PRODUTOS_ONG VALUES (50115, 'AÇUCAR');
INSERT INTO FILTRO_PRODUTOS_ONG VALUES (50116, 'ÓLEO');
INSERT INTO FILTRO_PRODUTOS_ONG VALUES (50117, 'PÃO');
INSERT INTO FILTRO_PRODUTOS_ONG VALUES (50118, 'CAFÉ');
INSERT INTO FILTRO_PRODUTOS_ONG VALUES (50119, 'BOLACHA');
INSERT INTO FILTRO_PRODUTOS_ONG VALUES (50120, 'MOLHO DE TOMATE');

INSERT INTO ONG VALUES (510000, '98765432198652', 'AJUDAR FAZ BEM', 'ONG DESTINADA PARA AUX OS MORADORES DE RUA', '4430308787', 'AJUDARFAZBEM@GMAIL.COM', '12345', 21);
INSERT INTO ONG VALUES (520000, '38494964894318', 'A FAVOR DA VIDA', 'ONG DESTINADA PARA AUX DOENTES ESPECIAIS SEM CONDIÇÕES FINANCEIRAS', '4430309898', 'AFAVORDAVIDA@GMAIL.COM', '54321', 18);
INSERT INTO ONG VALUES (530000, '98516185648942', 'PROJETO SENNA', 'ONG DESTINADA PARA AUX DE CRIAÇAS QUE PASSAM O DIA NA RUA', '4430302323', 'PROJETOSENNA@GMAIL.COM', 'OLA123', 20);
INSERT INTO ONG VALUES (540000, '72527528685829', 'EM PROL DE QUEM PRECISA', 'ONG DESTINADA PARA AUX PESSOAS SEM ESCOLARIDADE', '4430302525', 'EMPROLDEQUEMPRECISA@GMAIL.COM', 'VIX321', 19);
INSERT INTO ONG VALUES (550000, '62542682528525', 'SUA FELICIDADE É NOSSAALEGRIA', 'ONG DESTINADA PARA AUX PESSOAS QUE ENTRARAM NO VICIO', '4430303757', 'SUAFELICIDADEENOSSAALEGRIA@GMAIL.COM', 'TADIFICIL', 17);

INSERT INTO ONG_PRODUTO VALUES(50101, 510000, '98765432198652');
INSERT INTO ONG_PRODUTO VALUES(50102, 510000, '98765432198652');
INSERT INTO ONG_PRODUTO VALUES(50103, 510000, '98765432198652');
INSERT INTO ONG_PRODUTO VALUES(50104, 510000, '98765432198652');
INSERT INTO ONG_PRODUTO VALUES(50105, 510000, '98765432198652');
INSERT INTO ONG_PRODUTO VALUES(50106, 510000, '98765432198652');
INSERT INTO ONG_PRODUTO VALUES(50107, 510000, '98765432198652');
INSERT INTO ONG_PRODUTO VALUES(50108, 510000, '98765432198652');
INSERT INTO ONG_PRODUTO VALUES(50109, 510000, '98765432198652');
INSERT INTO ONG_PRODUTO VALUES(50110, 510000, '98765432198652');

INSERT INTO ONG_PRODUTO VALUES(50111, 520000, '38494964894318');
INSERT INTO ONG_PRODUTO VALUES(50112, 520000, '38494964894318');
INSERT INTO ONG_PRODUTO VALUES(50113, 520000, '38494964894318');
INSERT INTO ONG_PRODUTO VALUES(50114, 520000, '38494964894318');
INSERT INTO ONG_PRODUTO VALUES(50115, 520000, '38494964894318');
INSERT INTO ONG_PRODUTO VALUES(50116, 520000, '38494964894318');
INSERT INTO ONG_PRODUTO VALUES(50117, 520000, '38494964894318');
INSERT INTO ONG_PRODUTO VALUES(50118, 520000, '38494964894318');
INSERT INTO ONG_PRODUTO VALUES(50119, 520000, '38494964894318');
INSERT INTO ONG_PRODUTO VALUES(50120, 520000, '38494964894318');

INSERT INTO ONG_PRODUTO VALUES(50101, 530000, '98516185648942');
INSERT INTO ONG_PRODUTO VALUES(50102, 530000, '98516185648942');
INSERT INTO ONG_PRODUTO VALUES(50103, 530000, '98516185648942');
INSERT INTO ONG_PRODUTO VALUES(50104, 530000, '98516185648942');
INSERT INTO ONG_PRODUTO VALUES(50105, 530000, '98516185648942');
INSERT INTO ONG_PRODUTO VALUES(50106, 530000, '98516185648942');
INSERT INTO ONG_PRODUTO VALUES(50107, 530000, '98516185648942');
INSERT INTO ONG_PRODUTO VALUES(50108, 530000, '98516185648942');
INSERT INTO ONG_PRODUTO VALUES(50109, 530000, '98516185648942');
INSERT INTO ONG_PRODUTO VALUES(50110, 530000, '98516185648942');

INSERT INTO ONG_PRODUTO VALUES(50111, 540000, '72527528685829');
INSERT INTO ONG_PRODUTO VALUES(50112, 540000, '72527528685829');
INSERT INTO ONG_PRODUTO VALUES(50113, 540000, '72527528685829');
INSERT INTO ONG_PRODUTO VALUES(50114, 540000, '72527528685829');
INSERT INTO ONG_PRODUTO VALUES(50115, 540000, '72527528685829');
INSERT INTO ONG_PRODUTO VALUES(50116, 540000, '72527528685829');
INSERT INTO ONG_PRODUTO VALUES(50117, 540000, '72527528685829');
INSERT INTO ONG_PRODUTO VALUES(50118, 540000, '72527528685829');
INSERT INTO ONG_PRODUTO VALUES(50119, 540000, '72527528685829');
INSERT INTO ONG_PRODUTO VALUES(50120, 540000, '72527528685829');

INSERT INTO ONG_PRODUTO VALUES(50101, 550000, '62542682528525');
INSERT INTO ONG_PRODUTO VALUES(50102, 550000, '62542682528525');
INSERT INTO ONG_PRODUTO VALUES(50103, 550000, '62542682528525');
INSERT INTO ONG_PRODUTO VALUES(50104, 550000, '62542682528525');
INSERT INTO ONG_PRODUTO VALUES(50105, 550000, '62542682528525');
INSERT INTO ONG_PRODUTO VALUES(50106, 550000, '62542682528525');
INSERT INTO ONG_PRODUTO VALUES(50107, 550000, '62542682528525');
INSERT INTO ONG_PRODUTO VALUES(50108, 550000, '62542682528525');
INSERT INTO ONG_PRODUTO VALUES(50109, 550000, '62542682528525');
INSERT INTO ONG_PRODUTO VALUES(50110, 550000, '62542682528525');
INSERT INTO ONG_PRODUTO VALUES(50111, 550000, '62542682528525');
INSERT INTO ONG_PRODUTO VALUES(50112, 550000, '62542682528525');
INSERT INTO ONG_PRODUTO VALUES(50113, 550000, '62542682528525');
INSERT INTO ONG_PRODUTO VALUES(50114, 550000, '62542682528525');
INSERT INTO ONG_PRODUTO VALUES(50115, 550000, '62542682528525');
INSERT INTO ONG_PRODUTO VALUES(50116, 550000, '62542682528525');
INSERT INTO ONG_PRODUTO VALUES(50117, 550000, '62542682528525');
INSERT INTO ONG_PRODUTO VALUES(50118, 550000, '62542682528525');
INSERT INTO ONG_PRODUTO VALUES(50119, 550000, '62542682528525');
INSERT INTO ONG_PRODUTO VALUES(50120, 550000, '62542682528525');

INSERT INTO PUBLICACAO VALUES(511000, 'SETEMBRO AZUL', 'AJUDAR PESSOAS COM CANCER', TO_DATE('15-06-2020','dd-MM-yyyy'), 'documentos/fotos/evento/setembroAzul.PNG', 510000, '98765432198652', 1);
INSERT INTO PUBLICACAO VALUES(521000, 'ARRECADAÇÃO DE AGASALHO', 'ARRECADAR AGASALHOS PARA DOAR', TO_DATE('21-11-2020','dd-MM-yyyy'), 'documentos/fotos/evento/arregacacaoDeAgasalho.PNG', 520000, '38494964894318', 1);
INSERT INTO PUBLICACAO VALUES(531000, 'COMIDA PARA QUEM PREICSA', 'ENTRAGA DE MARMITAS PARA MORADORES DE RUA', TO_DATE('06-03-2020','dd-MM-yyyy'), 'documentos/fotos/evento/comidaParaQuemPrecisa.PNG', 530000, '98516185648942', 1);
INSERT INTO PUBLICACAO VALUES(541000, 'LEVANTANDO ALTO ESTIMA', 'AJUDA COM MOTIVAÇÕES E CUIDADO COM A BELEZA', TO_DATE('19-01-2020','dd-MM-yyyy'), 'documentos/fotos/evento/alegrarOsMenospresados.PNG', 540000, '72527528685829', 1);
INSERT INTO PUBLICACAO VALUES(551000, 'AMOSTRAS DE ARTES', 'AMOSTRAS DE ARTES FEITO PELOS ', TO_DATE('09-12-2020','dd-MM-yyyy'), 'documentos/fotos/evento/amostraDeArtes.PNG', 550000, '62542682528525', 1);

INSERT INTO PRODUTOS VALUES(1000001, 'ARROZ', '5KG PRATO FINO', 26.99);
INSERT INTO PRODUTOS VALUES(1000002, 'FEIJÃO', '1KG SÃO JOAO', 30.99);
INSERT INTO PRODUTOS VALUES(1000003, 'ÓLEO', '1L COCAMAR', 35.99);
INSERT INTO PRODUTOS VALUES(1000004, 'LEITE', '1L LIDER', 100.99);
INSERT INTO PRODUTOS VALUES(1000005, 'FUBA', '2KG ZAELI', 09.99);
INSERT INTO PRODUTOS VALUES(1000006, 'AÇUCAR', '5KG CRISTAL', 18.99);
INSERT INTO PRODUTOS VALUES(1000007, 'MACARRÃO', '1KG TODESCHINE', 2.99);
INSERT INTO PRODUTOS VALUES(1000008, 'SAL', '1KG CRISTAL', 72.99);
INSERT INTO PRODUTOS VALUES(1000009, 'BOLACHA', '200G TRAQUINAS', 15.99);
INSERT INTO PRODUTOS VALUES(1000010, 'SABÃO EM PÓ', '1KG OMO', 9.99);

INSERT INTO CARRINHO VALUES(1100000, 10100, '12345678912345', 'WWW.CIDADECANCAO.COM.BR', 1000, '99988877766');
INSERT INTO CARRINHO VALUES(1200000, 10200, '33156189456489', 'WWW.BOMDIA.COM.BR', 1010, '23461532482');

INSERT INTO PRODUTO_CARRINHO VALUES(1000001, 1100000);
INSERT INTO PRODUTO_CARRINHO VALUES(1000002, 1100000);
INSERT INTO PRODUTO_CARRINHO VALUES(1000003, 1100000);
INSERT INTO PRODUTO_CARRINHO VALUES(1000004, 1100000);
INSERT INTO PRODUTO_CARRINHO VALUES(1000005, 1100000);

INSERT INTO PRODUTO_CARRINHO VALUES(1000006, 1200000);
INSERT INTO PRODUTO_CARRINHO VALUES(1000007, 1200000);
INSERT INTO PRODUTO_CARRINHO VALUES(1000008, 1200000);
INSERT INTO PRODUTO_CARRINHO VALUES(1000009, 1200000);
INSERT INTO PRODUTO_CARRINHO VALUES(1000010, 1200000);

INSERT INTO DOACAO VALUES(100000000, 'T',  510000, '98765432198652', 1100000);
INSERT INTO DOACAO VALUES(200000000, 'T', 520000, '38494964894318', 1200000);